data_split,metric,value
test,mse,78952.57671731287
train,mse,67715.89927366073
test,r2,0.8643709851045258
train,r2,0.9019497847574547
