data_split,metric,value
test,mse,660851.4518471223
train,mse,94481.05810148093
test,r2,-4.0310346227520695
train,r2,0.9337858373257641
